"","country_code","add_sub_dels","add_plus_dels","additions","commits","repos","adds_per_repo","add_plus_dels_per_repo","add_sub_dels_per_repo"
"1",NA,192925294655,379727626525,286326460590,195288457,3542750,55181.4422070691,73181.9128219568,37180.9715921815
"2","us",34347347312,101325192382,67836269847,82072203,959596,13073.5496691154,19527.6057826657,6619.49355556506
"3","gb",4876053078,16383978242,10630015660,13249329,254712,2048.63914286452,3157.55500424181,939.723281487229
"4","de",3879408246,12157680848,8018544547,12308131,271551,1545.35089629276,2343.05401499918,747.64777758634
"5","cn",7899682079,16395117995,12147400037,9154026,234593,2341.07267531835,3159.70188104497,1522.44346959173
"6","nl",1945674923,6034264261,3989969592,8027397,107263,768.95539446556,1162.9361949099,374.97459402122
"7","ca",3267030481,8436195907,5851613194,7158449,179314,1127.73529424235,1625.84155138993,629.629037094768
"8","fr",3433084293,7388618135,5410851214,6739207,160626,1042.79071148766,1423.95014336598,661.631279609345
"9","se",860170384,2984552916,1922361650,6204032,72752,370.481610648128,575.189362201565,165.773859094692
"10","us ",3207693578,7702519128,5455106353,5512656,128900,1051.31965565183,1484.4458078892,618.193503414458
"11","au",1525443802,3667830382,2596637092,4603423,120280,500.429402611539,706.872043305431,293.986761917647
"12","jp",1843413858,4134405854,2988909856,4444959,130588,576.029040910666,796.791456936821,355.266624884511
"13","ch",781161640,3247262736,2014212188,4065292,60202,388.183240961622,625.819355390765,150.547126532478
"14","in",3666182135,6990091067,5328136601,3904899,141894,1026.84977599908,1347.14516234719,706.554389650976
"15","ru",1277669035,3875924883,2576796959,3814555,111453,496.605770138787,746.976456487778,246.235083789796
"16","br",2186686634,4886565758,3536626196,2862317,112588,681.586094559493,941.749307453065,421.422881665921
"17","es",1418146420,3690588556,2554367488,2795467,85620,492.2831149599,711.258046822995,273.308183096805
"18","multiple",1329647474,2931362386,2130504930,2564150,107406,410.595424622718,564.938370549902,256.252478695533
"19","pl",979949937,3388399051,2184174494,2555667,77641,420.938736721928,653.019445083639,188.858028360216
"20","be",519609996,1364564870,942087433,1594003,50967,181.561086359167,262.981833242176,100.140339476158
"21","it",623656454,1753585420,1188620937,1582132,59804,229.073545651437,337.954697967822,120.192393335052
"22","fi",417402929,960038485,688720707,1355856,45586,132.731714043545,185.02065113866,80.4427769484303
"23","ua",583322225,1412467483,997894854,1301667,52222,192.316410789509,272.21372632457,112.419095254449
"24","at",321426287,808890333,565158310,1295417,37333,108.918507066542,155.891059004189,61.9459551288945
"25","de ",448974996,1041552892,745263944,1261481,33296,143.628846492592,200.730280383702,86.5274126014827
"26","no",320247645,1102819151,711533398,1122770,35678,137.12822419287,212.537643640613,61.7188047451269
"27","dk",385073739,973472219,679272979,1085760,37005,130.910927883769,187.609628821053,74.2122269464838
"28","europe",205254682,456037472,330646077,1063385,13247,63.7228125943134,87.8885079415004,39.5571172471264
"29","cz",453571478,1000595502,727083490,1055208,37642,140.125070873559,192.836885394708,87.4132563524101
"30","tw",755684141,1436329951,1096007046,1037317,41338,211.224800330249,276.812551721799,145.637048938699
"31","ro",333733693,920120729,626927211,990992,26669,120.822740554785,177.327616617118,64.3178644924528
"32","nz",301976748,878147814,590062281,920681,39327,113.718053128863,169.238507498239,58.1975987594863
"33","bg",430482825,965001229,697742027,883336,17726,134.470321950009,185.977081678332,82.9635622216852
"34","ar",441761410,1378424894,910093152,827850,28701,175.395080729368,265.652966436672,85.1371950220648
"35","kr",725426179,1732390693,1228908436,827383,29833,236.83783782742,333.870005269023,139.805670385818
"36","ie",666930214,1509895626,1088412920,792144,34830,209.761244275671,290.990284492538,128.532204058805
"37","ca ",205160080,500597094,352878587,790449,32288,68.0075090319221,96.4761327146182,39.538885349226
"38","pt",402912303,951865501,677388902,672353,41196,130.547824571993,183.44553634373,77.6501128002562
"39","by",160385275,357316395,258850835,639983,19223,49.8862814228597,68.8627727933414,30.909790052378
"40","gb ",356962134,967719050,662340592,622338,25631,127.647682381614,186.500865900481,68.7944988627468
"41","cn ",672664402,1341354516,1007009459,613664,30526,194.072996778843,258.508684636848,129.637308920837
"42","il",287580524,606989796,447285160,604703,29014,86.2017438268214,116.980359688854,55.4231279647889
"43","sg",443018375,1108128221,775573298,588366,32691,149.470129420612,213.560818860866,85.3794399803578
"44","gr",280292215,664171847,472232031,527624,18893,91.0095576680469,128.00060572562,54.0185096104739
"45","au ",170332924,388352928,279342926,449764,13711,53.8355606228625,74.844199199124,32.826922046601
"46","id",1352324144,1912278484,1632301314,444658,28568,314.580568060009,368.538361530507,260.622774589512
"47","hu",205306649,845912697,525609673,407321,20832,101.296609940838,163.026087444192,39.5671324374838
"48","fr ",252266892,584932946,418599919,396377,17688,80.673463397637,112.729516818667,48.6174099766074
"49","mx",639014975,1177419387,908217181,384741,23761,175.033539623089,226.914759199494,123.152320046685
"50","tr",396932065,735603425,566267745,359024,20504,109.132319730621,141.767050800394,76.4975886608472
"51","in ",624343652,972113164,798228408,333758,21286,153.836270225705,187.347708861633,120.324831589776
"52","pl ",207384854,469349740,338367297,307999,13902,65.2108624738813,90.4540764389886,39.9676485087741
"53","hk",307233558,806228638,556731098,296762,18250,107.294396912746,155.378091503691,59.2107023218005
"54","nl ",143045329,332120257,237582793,277253,14151,45.7874593019065,64.0069196876822,27.5679989161308
"55","ru ",129833031,266824479,198328755,271481,23925,38.2223379197343,51.4229789905909,25.0216968488777
"56","sk",67108383,163003277,115055830,257315,11499,22.1738033594549,31.4143369453313,12.9332697735785
"57","co",397478060,690621298,544049679,248564,17359,104.850406971299,133.097999968394,76.6028139742038
"58","th",270395512,430098794,350247153,239846,17546,67.5003734954666,82.8895509536083,52.1111960373249
"59","lk",283959139,580469619,432214379,214948,6541,83.2972709777063,111.869334981493,54.7252069739197
"60","ph",232873110,374544384,303708747,209225,12772,58.5313932768503,72.1829873393131,44.8797992143876
"61","ee",54132313,151258827,102695570,199125,10929,19.7917078610196,29.1509216549896,10.4324940670496
"62","vn",383796879,622714925,503255902,193281,13519,96.9885438263589,120.010939871084,73.9661477816335
"63","no ",85884434,277475064,181679749,187978,9462,35.0137062043803,53.4755823002464,16.5518301085141
"64","rs",24962969,218621291,121792130,184555,6947,23.4720373695898,42.1331584572826,4.81091628189696
"65","cl",248114172,780189808,514151990,183829,11065,99.0884609943922,150.359833010138,47.817088978646
"66","hr",123314649,266639483,194977066,179385,10512,37.5763933134675,51.3873261694667,23.7654604574683
"67","si",72735479,161223859,116979669,169969,5996,22.5445696881255,31.071403737807,14.0177356384441
"68","br ",334654700,585305178,459979939,156695,12159,88.6483085357783,112.801254158462,64.4953629130951
"69","ke",244694753,452175005,348434879,154216,7028,67.1511082100008,87.1441251167414,47.1580913032602
"70","kr ",148286903,343116385,245701644,147843,9915,47.3521414703696,66.126116776499,28.5781661642401
"71","ng",203722290,394505768,299114029,147839,8130,57.6458894877408,76.0299875617144,39.2617914137671
"72","it ",204246383,370699083,287472733,145621,9602,55.4023542548611,71.4419127824487,39.3627957272735
"73","es ",103224211,339951027,221587619,141316,8278,42.7048354750542,65.5160822753853,19.8935886747232
"74","uy",60049120,121079264,90564192,139962,8340,17.4537229866224,23.3346523235157,11.5727936497291
"75","ch ",76235252,186226792,131231022,133738,9199,25.291120636723,35.8900219664671,14.692219306979
"76","my",91556706,257079132,174317919,131424,9342,33.5949187271552,49.5448350664834,17.6450023878271
"77","ir",140072313,210458267,175265290,129863,9013,33.7774980737424,40.5599631746575,26.9950329728273
"78","lv",121524236,164365188,142944712,126568,5712,27.5486077946846,31.6768073191235,23.4204082702457
"79","pk",148796550,240037212,194416881,121508,7063,37.4684332732426,46.2604801324695,28.6763864140157
"80","be ",82592118,171931788,127261953,114651,6115,24.5261932486358,33.1350585046537,15.917327992618
"81","lt",50139832,92250286,71195059,114464,7713,13.7208626319135,17.7786705951143,9.6630546687126
"82","bd",352591095,534167517,443379306,108693,8800,85.448999367486,102.945895770482,67.9521029644902
"83","se ",56757037,151261649,104009343,106646,5654,20.044900977448,29.1514655168094,10.9383364380867
"84","eg",196834519,334290299,265562409,100034,6427,51.1797501858805,64.4251347802139,37.9343655915471
"85","jp ",56860382,96018576,76439479,92943,4503,14.7315783671734,18.5049034288734,10.9582533054734
"86","am",50679688,118668168,84673928,92181,1733,16.3185388271471,22.8699807933136,9.76709686098067
"87","bg ",102392476,188797714,145595095,86684,11978,28.0593952225728,36.3854955020585,19.7332949430872
"88","za",48107169,99511879,73809524,79643,3743,14.2247278667319,19.1781401852985,9.2713155481653
"89","pe ",74392836,123980708,99186772,77049,3402,19.1154848753608,23.893824759319,14.3371449914027
"90","by ",89884574,190950696,140417635,75497,5238,27.0615841604003,36.8004227552402,17.3227455655604
"91","lu",22889665,53872557,38381111,74277,3142,7.39688904101088,10.3824333403099,4.41134474171189
"92","ua ",52928278,136937098,94932688,71946,4535,18.2956287925304,26.3908076945462,10.2004498905146
"93","lt ",22982836,34048360,28515598,68532,1256,5.49558647075307,6.56187208724607,4.42930085426006
"94","ma",39602926,71883840,55743383,65239,13893,10.7429828912866,13.8536059657517,7.63235981682148
"95","at ",31290151,109730449,70510300,61638,2480,13.5888944264378,21.1474846487196,6.03030420415594
"96","tr ",89048619,135566369,112307494,61562,4633,21.6441382218455,26.1266378971087,17.1616385465823
"97","vn ",154383840,273001440,213692640,60319,5035,41.1832983928132,52.6134160034135,29.7531807822128
"98","id ",336915367,432758655,384837011,59265,3543,74.1666042247001,83.4021650017403,64.9310434476599
"99","np",80905792,148825572,114865682,57419,3771,22.1371576339737,28.6819795953529,15.5923356725944
"100","mx ",80622634,122529986,101576310,57286,2790,19.5760017021218,23.6142385414173,15.5377648628262
"101","ve",113733916,275005404,194369660,55103,4261,37.4593327420619,52.999624191868,21.9190412922558
"102","ro ",55931962,114185350,85058656,51776,3548,16.3926844225409,22.0060426093187,10.7793262357631
"103","ec",64305684,131507986,97906835,46558,2690,18.8688127045504,25.3444977256863,12.3931276834146
"104","pe",78975200,166718186,122846693,46251,2904,23.6752749855555,32.1302820796567,15.2202678914543
"105","cr",86687798,155494380,121091089,45424,3790,23.3369312625727,29.9672064042331,16.7066561209123
"106","il ",43933621,91415575,67674598,42796,2854,13.0423919281809,17.6178033224522,8.46698053390965
"107","ae",49826226,81813152,65819689,41533,2620,12.6849099351721,15.7672040144788,9.60261585586544
"108","th ",56966259,96209389,76587824,41092,2860,14.7601677299146,18.5416773145637,10.9786581452655
"109","lk ",26291776,75528996,50910386,40958,1335,9.81155746838683,14.5561081541114,5.06700678266226
"110","is",38214083,59757629,48985856,39123,2440,9.44065796873199,11.5166168865433,7.36469905092065
"111","sa",29267632,53256798,41262215,38607,2263,7.95214150891398,10.2637629610443,5.64052005678364
"112","mt",21725483,52181019,36953251,38196,2977,7.12170883619352,10.0564365526022,4.18698111978489
"113","kz",36391698,49462266,42926982,36011,3446,8.27297893277428,9.53247271343878,7.01348515210979
"114","cy",20990455,35068463,28029459,34938,2152,5.40189673255065,6.75846849899149,4.04532496610982
"115","ae ",29759167,99236077,64497622,34873,2638,12.4301183814888,19.1249870394375,5.73524972354012
"116","fi ",-44461391,118781551,37160080,34360,1267,7.16156935934157,22.8918322053308,-8.56869348664763
"117","pa",9099222,18342852,13721037,30816,1240,2.64434732534462,3.5350733057124,1.75362134497683
"118","md",11704082,26287776,18995929,28046,2173,3.66093568901434,5.06623589418631,2.25563548384237
"119","eg ",23136928,50631888,36884408,27980,1362,7.10844126735607,9.75788474369307,4.45899779101907
"120","dk ",30695326,53684324,42189825,27209,1264,8.13091247370789,10.3461566776865,5.91566826972925
"121","rs ",23575345,38142439,30858892,26455,1503,5.94719105584355,7.35089166742792,4.54349044425917
"122","lb",15188863,36677281,25933072,26415,1277,4.997876587693,7.06852331301657,2.92722986236943
"123","do",22165307,38787197,30476252,25673,2544,5.8734478642342,7.475150795422,4.27174493304641
"124","gr ",25788509,53722213,39755361,25436,1347,7.66173741302933,10.3534587260528,4.97001610000582
"125","cz ",10833881,30485731,20659806,25076,1687,3.98160159018875,5.87527467720009,2.08792850317741
"126","az",5505815,10060287,7783051,24561,604,1.49996608090706,1.93883982826147,1.06109233355265
"127","ir ",37809153,64185685,50997419,24139,2099,9.82833065256866,12.3700012218582,7.28666008327908
"128","tn",79250999,89110173,84180586,23891,1863,16.2234609115217,17.1735013638944,15.2734204591489
"129","pt ",34155362,67755554,50955458,21752,1213,9.82024383973383,13.0579939400457,6.58249373942196
"130","ph ",68586181,126579635,97582908,21530,1312,18.8063848067132,24.3946954778526,13.2180741355738
"131","sk ",12624337,26227697,19426017,21483,2676,3.74382315972539,5.05465734199966,2.43298897745113
"132","co ",68485256,124593402,96539329,21310,2279,18.6052640505024,24.0119044452899,13.198623655715
"133","cu",19766238,45235208,32500723,19854,982,6.26360820518276,8.71782513859611,3.80939127176941
"134","nz ",15292505,39962935,27627720,19769,1346,5.32447274119077,7.70174151415602,2.94720396822552
"135","gt",38201546,75416508,56809027,19415,1488,10.9483560610528,14.5344292283907,7.36228289371491
"136","bo",31293284,53221756,42257520,19251,1227,8.14395879755274,10.2570095925507,6.03090800255472
"137","gh",29218769,48791967,39005368,19215,1342,7.5171971728436,9.40329126980364,5.63110307588356
"138","americas",5130256,34909688,20019972,19195,998,3.85829142590856,6.72786904454926,0.98871380726786
"139","jo",14984958,35753548,25369253,18862,1787,4.88921619528764,6.89049953187797,2.8879328586973
"140","ee ",6941821,34159051,20550436,18443,993,3.9605235720351,6.58320469131891,1.33784245275128
"141","ug",8662096,30331578,19496837,18126,1362,3.75747174019208,5.84556598439182,1.66937749599234
"142","ni",16883575,41111151,28997363,17741,1041,5.58843324240704,7.92302813473126,3.25383835008281
"143","tz",10086990,24063876,17075433,17230,492,3.2908136303875,4.63764117377021,1.94398608700479
"144","dz",14464571,24677739,19571155,16725,1641,3.77179446263099,4.75594615189818,2.7876427733638
"145","my ",30450337,60935237,45692787,16091,1642,8.80601073308025,11.7435679956399,5.86845347052065
"146","cm",24994726,34042700,29518713,15968,798,5.68890891914112,6.56078128005261,4.81703655822964
"147","ba",9528224,16123346,12825785,15914,1025,2.4718124628769,3.10732540628713,1.83629951946667
"148","ar ",18020985,30013135,24017060,15626,784,4.6286186950477,5.78419497465511,3.47304241544028
"149","ie ",24664831,48843947,36754389,15194,598,7.08338373016745,9.41330896554861,4.75345849478629
"150","py",15284211,30749663,23016937,13147,1670,4.43587287123965,5.92614021150867,2.94560553097064
"151","tw ",34791905,62960009,48875957,12656,972,9.4194780005774,12.1337863459462,6.70516965520857
"152","gg",7388481,13179975,10284228,12049,75,1.98199821230962,2.54007271020105,1.4239237144182
"153","mk",10063749,13557885,11810817,11981,1205,2.27620567921249,2.61290432618758,1.9395070322374
"154","ba ",11197638,14879768,13038703,11938,891,2.51284647100746,2.86766041900101,2.15803252301391
"155","mm",8558335,16488927,12523631,11419,772,2.41358070373638,3.17778095126867,1.64938045620409
"156","pk ",52039872,61982618,57011245,11270,1539,10.9873279425102,11.945421481347,10.0292344036734
"157","si ",10796082,15370232,13083157,11035,722,2.52141374008493,2.96218368036805,2.0806437998018
"158","hn",21025857,38281005,29653431,10042,730,5.71487205756687,7.37759640056753,4.05214771456621
"159","kg",14226447,47058363,30642405,9971,722,5.90546922247032,9.0691874334386,2.74175101150204
"160","lv ",7614954,12864022,10239488,9970,626,1.97337582470613,2.47918157854062,1.46757007087163
"161","asia",1214640,2457110,1835875,9325,442,0.353813720196006,0.473539445785148,0.234087994606864
"162","tt",9091991,24188249,16640120,9175,518,3.20691918660473,4.66161060187503,1.75222777133443
"163","kh",19211687,24808845,22010266,8863,804,4.24186510299648,4.78121317803014,3.70251702796282
"164","jm",14345993,19841139,17093566,8616,817,3.2943082605711,3.82382635120368,2.76479016993851
"165","za ",14945050,47942978,31444014,8336,841,6.0599570075497,9.23967231072664,2.88024170437275
"166","hk ",36011961,79959333,57985647,7572,439,11.1751167606958,15.4099320885797,6.94030143281187
"167","me",4036681,5099703,4568192,7552,710,0.880391642181321,0.982825568366437,0.777957715996206
"168","uz",17265994,29362750,23314372,7515,587,4.49319517470067,5.65885139929749,3.32753895010386
"169","zm",4494726,5396980,4945853,7477,802,0.953175270360225,1.04011742173266,0.866233118987793
"170","mn",3174610,25060704,14117657,7425,805,2.7207847721774,4.82975197819619,0.611817566158613
"171","np ",12565821,24463057,18514439,7375,693,3.56814191594309,4.71457218194972,2.42171164993646
"172","li",2765,4034635,2018700,6791,235,0.389048141599879,0.777563406540758,0.000532876659000181
"173","hu ",4587191,12841715,8714453,6788,979,1.67946784797617,2.47488252623237,0.884053169719963
"174","uy ",5508907,8667275,7088091,6693,484,1.36603191709557,1.67037560384658,1.06168823034456
"175","al",3757193,16384099,10070646,6594,298,1.94083623669206,3.15757827697946,0.724094196404653
"176","africa",6015570,12284936,9150253,6289,255,1.76345614743088,2.36757889754468,1.15933339731708
"177","sv",13966137,20767661,17366899,6247,570,3.34698557552028,4.00238763433213,2.69158351670843
"178","do ",16855332,19493232,18174282,5983,501,3.50258613811469,3.75677697695313,3.24839529927625
"179","aq",2424623,21080915,11752769,5820,466,2.26501854564951,4.06275860899342,0.467278482305604
"180","ps",6102649,10736371,8419510,5580,432,1.62262580803566,2.06913616935495,1.17611544671638
"181","et",7916744,10104094,9010419,5551,234,1.73650704264439,1.94728240612795,1.52573167916084
"182","ng ",7442373,18694111,13068242,5354,329,2.51853928968023,3.6027686845058,1.43430989485467
"183","kz ",7049134,10988052,9018593,5353,460,1.738082353245,2.11764066498382,1.35852404150618
"184","ci ",7603425,13314513,10458969,5219,425,2.0156746681036,2.56600115864538,1.46534817756183
"185","je ",1329940,2995112,2162526,5076,219,0.416766593085362,0.577224331244611,0.256308854926112
"186","is ",4086681,5962677,5024679,4940,295,0.968366784111526,1.14913974627748,0.787593821945576
"187","gi",1034258,2549004,1791631,4888,356,0.345286922763527,0.491249452187377,0.199324393339678
"188","mu",3097550,4234850,3666200,4738,871,0.706557832631632,0.816149265593821,0.596966399669443
"189","cl ",13167800,19320268,16244034,4566,402,3.13058465338349,3.72344298836459,2.53772631840238
"190","mg",3002426,5836880,4419653,4483,205,0.851764891349051,1.12489588187522,0.578633900822885
"191","sy ",339931,842415,591173,4393,37,0.113932113248142,0.162352003866777,0.0655122226295083
"192","kh ",19062455,20431741,19747098,4337,278,3.80570257041199,3.93764842012189,3.67375672070209
"193","sy",2853179,4910131,3881655,4308,366,0.748080776778064,0.946290850825756,0.549870702730371
"194","tn ",15031423,21982337,18506880,4121,460,3.56668512944567,4.23648256693528,2.89688769195605
"195","ec ",8602166,15632430,12117298,4098,285,2.33527134696187,3.01271503452231,1.65782765940143
"196","cu ",5604341,8153743,6879042,4056,63,1.32574355084337,1.57140662863874,1.080080473048
"197","kp",2934325,4090123,3512224,4028,409,0.676883251638427,0.788257171479131,0.565509331797723
"198","kw",2061372,3503492,2782432,3974,394,0.536236190978369,0.675200402095429,0.397271979861309
"199","qa",9272008,10151650,9711829,3846,235,1.87168426412335,1.95644749921851,1.78692102902819
"200","ao",1798117,3623739,2710928,3824,160,0.522455788582294,0.698374658737308,0.34653691842728
"201","xk",3217011,11846051,7531531,3739,239,1.45149261353935,2.28299605035289,0.619989176725798
"202","uz ",2189286,2685684,2437485,3724,179,0.46975727420002,0.517590711410576,0.421923836989465
"203","ug ",5491878,14204818,9848348,3317,261,1.89799449508539,2.73758262479046,1.05840636538032
"204","ke ",8463337,9145931,8804634,3231,183,1.69684772138857,1.76262320243262,1.63107224034453
"205","hr ",4438877,7038503,5738690,3191,210,1.10597249701184,1.35647521265922,0.855469781364465
"206","bj ",7653394,25971904,16812649,3179,232,3.24016934107151,5.00536037301752,1.47497830912551
"207","mm ",5611656,14444198,10027927,3178,363,1.93260334049103,2.78371644563367,1.0814902353484
"208","mo ",3666457,4281473,3973965,3145,433,0.765870955581791,0.825134548947371,0.706607362216212
"209","cy ",439888,772608,606248,3104,109,0.116837399191878,0.148898650906623,0.0847761474771326
"210","bd ",13488632,22002830,17745731,3017,346,3.41999488130052,4.24043202131969,2.59955774128135
"211","rw",9151172,12800472,10975822,2983,145,2.1152836734686,2.46693408787897,1.76363325905823
"212","mv",1494041,13790851,7642446,2920,532,1.47286838736683,2.6578020273596,0.287934747374065
"213","ad",471566,720670,596118,2896,147,0.114885124126535,0.138889049490655,0.0908811987624156
"214","zw",2963951,9803549,6383750,2740,311,1.23028982708586,1.88936073687688,0.571218917294844
"215","nc",-1001690,2371496,684903,2725,392,0.131995957460832,0.45703973429016,-0.193047819368496
"216","ma ",12015400,14539478,13277439,2703,1150,2.55885617880604,2.80207900913079,2.31563334848129
"217","mt ",2585485,3251607,2918546,2664,126,0.562468369482221,0.626656591154286,0.498280147810156
"218","ve ",17269736,26713932,21991834,2661,351,4.23831284889931,5.1483655815255,3.32826011627311
"219","ye",4600738,8720586,6660662,2636,155,1.2836568944989,1.68064981273192,0.886663976265886
"220","ge",2657238,4813582,3735410,2610,157,0.71989613048675,0.927683722959641,0.51210853801386
"221","iq",2459713,2856707,2658210,2568,433,0.512295863913516,0.550550626366159,0.474041101460872
"222","gh ",903399,1702517,1302958,2550,772,0.251108826711594,0.328112683852083,0.174104969571105
"223","sn ",9467132,14668502,12067817,2538,138,2.32573526379225,2.82694478781102,1.82452573977349
"224","mz",1141603,3626289,2383946,2496,191,0.459439124671553,0.698866100140726,0.220012149202381
"225","re ",1131251,4392651,2761951,2325,247,0.532289049259388,0.846561008692153,0.218017089826623
"226","ml",441512,2417540,1429526,2273,50,0.275501279867592,0.465913431536816,0.0850891281983681
"227","et ",3443683,11678297,7560990,2264,130,1.4571700144426,2.25066614400428,0.663673884880911
"228","pa ",3066881,6330273,4698577,2135,199,0.905519715665494,1.21998362632877,0.591055805002218
"229","nc ",333210,755148,544179,2130,18,0.104875329988448,0.145533722709103,0.0642169372677939
"230","nu",185618,1205120,695369,2125,30,0.134012987158154,0.232253280034104,0.0357726942822045
"231","am ",1445777,2174375,1810076,2105,177,0.34884168224825,0.419050157473243,0.278633207023257
"232","cm ",8628048,10958910,9793479,1866,130,1.88742002513867,2.11202435699229,1.66281569328506
"233","sz ",1748605,2209807,1979206,1776,180,0.38143677423259,0.425878687593205,0.336994860871975
"234","sg ",1817444,7625122,4721283,1751,129,0.909895664099223,1.4695296693775,0.350261658820949
"235","bb",1179165,1297477,1238321,1659,166,0.238651847106605,0.250052516777424,0.227251177435786
"236","lb ",3903469,4443103,4173286,1620,106,0.80428452106048,0.856284225039306,0.752284817081655
"237","md ",-3876828,12152804,4137988,1593,207,0.797481815704463,2.34211413851864,-0.747150507109712
"238","tm",601192,883324,742258,1591,74,0.143049534595355,0.170236073032432,0.115862996158277
"239","bf",788198,1021562,904880,1580,73,0.174390391029325,0.196877593317014,0.151903188741636
"240","sd",12154999,15398867,13776933,1483,138,2.65511972090754,2.96770227824526,2.34253716356982
"241","pn ",-1739612,3560540,910464,1474,55,0.175466551341751,0.686194813539423,-0.335261710855921
"242","kg ",2509546,2749198,2629372,1421,163,0.506738143446157,0.529831264075942,0.483645022816372
"243","pg ",71450,154654,113052,1387,14,0.0217876209957644,0.0298052465898785,0.0137699954016502
"244","mk ",3056071,3525063,3290567,1358,156,0.634165044910035,0.679357610924106,0.588972478895964
"245","af",1224673,2598107,1911390,1333,131,0.36836713101134,0.500712686396015,0.236021575626665
"246","mh",324718,1021668,673193,1305,16,0.12973918144749,0.196898021861626,0.0625803410333529
"247","dz ",1562520,2310494,1936507,1278,148,0.373207732473947,0.44528329958769,0.301132165360203
"248","sv ",3411079,4166311,3788695,1256,109,0.730165328596995,0.802940284280543,0.657390372913446
"249","sa ",624490,4869916,2747203,1197,225,0.529446783448562,0.938540530810678,0.120353036086446
"250","bh",3293807,3441697,3367752,1186,122,0.649040301664078,0.663291138752602,0.634789464575555
"251","lc",358216,531430,444823,1168,10,0.0857272311343354,0.102418315693478,0.069036146575193
"252","py ",3068153,4835391,3951772,1101,35,0.761593873595104,0.931886799652638,0.59130094753757
"253","zm ",358908,829144,594026,1093,32,0.114481949453614,0.159794388625695,0.0691695102815323
"254","pf",195979,691965,443972,1062,26,0.0855632246110771,0.133356961065121,0.0377694881570331
"255","ky",1718696,1892616,1805656,1027,261,0.347989850482326,0.364748965949471,0.331230735015181
"256","na",1336694,2020694,1678694,1025,75,0.323521464811446,0.38943242950514,0.257610500117753
"257","tz ",1465395,3171189,2318292,1018,65,0.446786146671554,0.611158263789557,0.282414029553551
"258","ms",1418981,1440813,1429897,986,128,0.275572779773737,0.277676534424603,0.27346902512287
"259","fo ",35121,217217,126169,965,4,0.0243155570305222,0.0418625205200876,0.00676859354095673
"260","sr",143928,242044,192986,961,18,0.0371926708549038,0.046647232568188,0.0277381091416195
"261","fo",444657,2945389,1695023,927,64,0.326668424292392,0.5676416093222,0.0856952392625835
"262","bm",254206,804732,529469,913,126,0.102040387618143,0.155089656256974,0.0489911189793128
"263","om",1417502,1990442,1703972,904,97,0.32839309453521,0.383602199961533,0.273183989108888
"264","sn",4155832,5391486,4773659,904,80,0.919989677803307,1.03905860641094,0.800920749195674
"265","sm",761656,1035844,898750,870,42,0.173209004439932,0.199630050620392,0.146787958259473
"266","gy",3052637,3183429,3118033,869,27,0.600913926832662,0.613517182525963,0.588310671139362
"267","bo ",766296,1300950,1033623,819,59,0.199202014794121,0.250721840696667,0.147682188891574
"268","lu ",208321,462151,335236,816,37,0.0646073922808624,0.0890667200121492,0.0401480645495756
"269","mg ",3380404,6476628,4928516,797,50,0.94983404698334,1.24818947205317,0.651478621913507
"270","bj",1013660,1174222,1093941,772,71,0.210826627567203,0.226298552001631,0.195354703132775
"271","im",1094778,3221986,2158382,764,88,0.415967952624278,0.62094796926776,0.210987935980796
"272","bn",601166,674172,637669,743,59,0.122892920892581,0.129927856401978,0.115857985383184
"273","gl",45885,198765,122325,717,41,0.0235747332051346,0.038306411980532,0.00884305442973718
"274","al ",274024,392278,333151,679,40,0.0642055666627737,0.0756006473921421,0.0528104859334053
"275","ly",177743,310631,244187,678,37,0.047060236069178,0.0598654645431773,0.0342550075951787
"276","tl ",827028,850980,839004,661,30,0.161694628718911,0.164002668815904,0.159386588621917
"277","cd ",482511,550379,516445,653,37,0.0995303747404515,0.10607020712617,0.0929905423547328
"278","mc",1651900,2232222,1942061,650,85,0.374278111122803,0.430198553890308,0.318357668355298
"279","tg",1046199,1230337,1138268,648,39,0.219369420935558,0.23711315370861,0.201625688162506
"280","mz ",910405,1063461,986933,542,50,0.190203819058599,0.204952457380467,0.17545518073673
"281","bs ",53636,379894,216765,541,24,0.0417754101223053,0.073213976670602,0.0103368435740086
"282","mq",1460498,2470066,1965282,540,67,0.378753311447809,0.476036353558749,0.28147026933687
"283","az ",370870,1704678,1037774,486,62,0.200002004310037,0.328529156351215,0.0714748522688597
"284","mo",300598,739030,519814,462,43,0.10017965555932,0.142427427595264,0.0579318835233766
"285","iq ",700186,761144,730665,445,46,0.140815307069934,0.146689284534551,0.134941329605317
"286","mp ",8434074,8532748,8483411,436,38,1.63494094416108,1.64444927534556,1.6254326129766
"287","kp ",42786,93264,68025,421,22,0.0131099221441184,0.0179740357052415,0.0082458085829952
"288","kn",1165867,2147901,1656884,419,19,0.319318195396331,0.413948032095171,0.224688358697491
"289","sj",12279,38245,25262,418,84,0.00486854616985988,0.00737065744067339,0.00236643489904637
"290","jo ",182573,226081,204327,416,49,0.0393783324063399,0.043570809382792,0.0351858554298879
"291","sh ",375919,556969,466444,404,30,0.0898940760689621,0.107340245890297,0.0724479062476271
"292","gw ",64192,77454,70823,401,4,0.0136491586330451,0.0149270990040506,0.0123712182620396
"293","ye ",2448871,2523753,2486312,388,9,0.479167317103818,0.486383025960826,0.471951608246811
"294","zw ",1886215,1940657,1913436,376,46,0.368761440466788,0.374007529267745,0.363515351665832
"295","pr ",749620,1165790,957705,376,36,0.184570936964835,0.224673519094329,0.14446835483534
"296","vc",750585,818811,784698,375,22,0.15122866132518,0.157802990970198,0.144654331680163
"297","pf ",160320,252174,206247,371,49,0.0397483588747958,0.0485995076335304,0.0308972101160611
"298","ht",390954,510986,450970,366,59,0.086911893999751,0.0984783046928992,0.0753454833066028
"299","mw",95848,110352,103100,358,27,0.0198696504676017,0.0212672712744984,0.018472029660705
"300","yt",76554,88352,82453,349,52,0.0158905168768687,0.0170273846567754,0.014753649096962
"301","cr ",7888166,8182000,8035083,336,21,1.54853822199969,1.57685237755497,1.52022406644442
"302","cg ",978920,1516044,1247482,313,50,0.240417374438649,0.292175212158145,0.188659536719153
"303","gm",3014812,3018054,3016433,295,15,0.581333359543541,0.58164576209842,0.581020956988663
"304","af ",2098155,2326411,2212283,289,15,0.426355867559818,0.448350857555613,0.404360877564023
"305","rw ",823666,956074,889870,282,26,0.171497632023324,0.184256607188766,0.158738656857882
"306","bw",134968,148230,141599,277,50,0.0272892593264979,0.0285671996975034,0.0260113189554924
"307","so",259223,280379,269801,263,14,0.0519966204249214,0.0540352349995702,0.0499580058502726
"308","so ",2006415,2471813,2239114,258,39,0.431526794734369,0.47637303910062,0.386680550368118
"309","hn ",2416204,4273332,3344768,255,24,0.644610776481272,0.823565598176695,0.465655954785849
"310","tj",1464998,1670240,1567619,252,55,0.30211485544492,0.321892192017527,0.282337518872314
"311","gp",270244,1080388,675316,241,21,0.1301483305061,0.208214664688567,0.0520819963236329
"312","bt",81648,192610,137129,225,14,0.0264277914546242,0.0371202073381645,0.0157353755710838
"313","ag",10040,23184,16612,222,36,0.00320149984061881,0.00446806960660405,0.00193493007463357
"314","gn",500458,524494,512476,220,23,0.0987654606501905,0.101081595076181,0.0964493262241998
"315","tl",420251,427053,423652,210,71,0.081647111153253,0.0823025590799292,0.0809916632265768
"316","mn ",316944,404726,360835,196,13,0.0695408858048211,0.0779996523292973,0.0610821192803448
"317","bs",104379,194409,149394,190,25,0.0287915282440047,0.0374669144302228,0.0201161420577866
"318","na ",56084,73572,64828,186,12,0.0124937895297156,0.0141789517381415,0.0108086273212897
"319","fj ",41859,48189,45024,175,24,0.00867712068528902,0.00928708619188416,0.00806715517869388
"320","gd",64174,92484,78329,167,18,0.0150957308581646,0.0178237124524314,0.0123677492638979
"321","sc",12894,19578,16236,149,3,0.00312903632387954,0.00377311364553546,0.00248495900222363
"322","sl ",16887128,16896004,16891566,142,15,3.25537839253564,3.25623369329971,3.25452309177158
"323","ml ",31461,42197,36829,137,6,0.00709776292018722,0.00813229525491162,0.00606323058546282
"324","li ",21690,27682,24686,136,1,0.00475753822932313,0.0053349336978094,0.00418014276083686
"325","jm ",20892,40890,30891,135,49,0.00595337897763999,0.00788040744539508,0.00402635050988491
"326","bh ",109613,119219,114416,133,14,0.0220504939660632,0.0229761383035597,0.0211248496285667
"327","bw ",45802,53444,49623,130,7,0.00956344971051211,0.010299840927163,0.00882705849386122
"328","mf ",60671,79929,70300,130,5,0.0135483649648147,0.0154040862485445,0.011692643681085
"329","ai ",1581,3359,2470,127,5,0.000476023633898896,0.000647353597678701,0.000304693670119091
"330","cv",113095,335453,224274,125,19,0.0432225605137818,0.0646492129806827,0.0217959080468808
"331","bi",180786,183692,182239,123,13,0.0351214862421461,0.0354015114810348,0.0348414610032574
"332","la",94873,281809,188341,119,65,0.0362974766122073,0.0543108276297222,0.0182841255946923
"333","gm ",86207,727085,406646,118,13,0.0783696787977532,0.140125361883959,0.0166139957115474
"334","pn",416454,439166,427810,114,20,0.0824484497240027,0.0846370021072236,0.0802598973407817
"335","mw ",1241806,1244666,1243236,111,8,0.239599076321428,0.23987466895158,0.239323483691276
"336","bf ",2303877,2617757,2460817,109,16,0.474253866680234,0.504499676034118,0.444008057326351
"337","bz",264556,273784,269170,105,58,0.0518750127678404,0.0527642326248483,0.0509857929108325
"338","ly ",102246,111386,106816,101,4,0.0205858058617589,0.0214665459455313,0.0197050657779864
"339","aw",22300,31606,26953,100,5,0.00519443927306758,0.00609117529271599,0.00429770325341918
"340","cv ",3667258,5135302,4401280,94,15,0.848224007856895,0.98968628308027,0.706761732633521
"341","sb ",26986,29058,28022,92,7,0.00540045921826512,0.00560011933353608,0.00520079910299417
"342","fj",2355,3543,2949,87,19,0.000568337528893864,0.000682814467572383,0.000453860590215344
"343","lr",356648,737772,547210,87,15,0.105459470731099,0.142184983169577,0.0687339582926208
"344","qa ",932410,1489536,1210973,84,11,0.233381282596537,0.287066534228026,0.179696030965048
"345","om ",-50272,114496,32112,83,4,0.00618869268492362,0.0220659117355822,-0.00968852636573493
"346","sl",787369,1774429,1280899,81,6,0.246857569488851,0.341971716872706,0.151743422104996
"347","gt ",34994,37384,36189,78,9,0.00697442076403528,0.00720472369622523,0.00674411783184533
"348","tc",13676,14006,13841,77,25,0.0026674668489047,0.00269926599853762,0.00263566769927178
"349","me ",16824,18314,17569,77,20,0.00338593490848976,0.00352951288713537,0.00324235692984414
"350","bz ",27956,28724,28340,74,3,0.00546174485210312,0.00553575014579428,0.00538773955841195
"351","sd ",6769,8415,7592,72,10,0.00146314632735239,0.00162175663127903,0.00130453602342576
"352","mu ",50558,51938,51248,68,10,0.00987662315386664,0.010009601415968,0.00974364489176533
"353","gf ",7763,12113,9938,66,1,0.00191527241849685,0.00233444302729446,0.00149610180969924
"354","ki",156,854,505,64,2,9.73246700886406e-05,0.000164584689615246,3.00646505620355e-05
"355","ss ",2268597,2275203,2271900,62,4,0.43784538212749,0.438481943286506,0.437208820968475
"356","la ",1419609,3057303,2238456,61,9,0.431399983580075,0.589209912546557,0.273590054613594
"357","ci",4057851,4063077,4060464,59,15,0.782541226152083,0.783044809048997,0.782037643255169
"358","io ",1940,162198,82069,55,14,0.0158165115831775,0.0312591422555195,0.00037388091083557
"359","tv",21511,26591,24051,55,2,0.00463515968376613,0.00512467386599414,0.00414564550153812
"360","gp ",2900,4200070,2101485,54,2,0.405002642220251,0.809446390295439,0.000558894145063481
"361","er",5360,9354,7357,53,2,0.00141785662939035,0.00180272270100821,0.0010329905577725
"362","aq ",-3604497,3964305,179904,45,8,0.0346714800943105,0.764009259912373,-0.694666299723752
"363","vi ",3919871,3975489,3947680,44,5,0.760805254684207,0.766164664091128,0.755445845277287
"364","cx",37177,37671,37424,44,1,0.00721243258098473,0.00726003494437461,0.00716483021759484
"365","gn ",3329,3477,3403,39,6,0.000655833370914146,0.000670094807719215,0.000641571934109078
"366","ht ",782490,793338,787914,38,15,0.151848455659844,0.152893780433232,0.150803130886456
"367","sr ",1769,1831,1800,37,12,0.000346899814177333,0.000352874199865943,0.000340925428488723
"368","ni ",124792,125430,125111,32,21,0.0241116570286335,0.0241731353845905,0.0240501786726765
"369","dm",5430,13038,9234,30,3,0.00177959604672972,0.00251271098735781,0.00104648110610162
"370","gl ",11467,12215,11841,29,4,0.00228202261092989,0.00235410068343118,0.0022099445384286
"371","ls",19870,19964,19917,28,8,0.00383844644387219,0.0038475043834646,0.00382938850427978
"372","ws",558,1084,821,27,1,0.000158224859688661,0.000208910776982349,0.000107538942394973
"373","tc ",32445,94961,63703,26,1,0.0122769771458548,0.0183010851411632,0.00625286915054642
"374","ga ",4349767,4349943,4349855,21,8,0.838313272887968,0.838330232434439,0.838296313341497
"375","mf",20118,26880,23499,21,7,0.00452877707408508,0.0051803705583815,0.00387718358978866
"376","er ",210823,210889,210856,20,5,0.0406366151212087,0.0406429749511353,0.0406302552912821
"377","km",17300,17360,17330,20,2,0.00333987432205177,0.00334565598562139,0.00333409265848214
"378","mr",24057,34259,29158,19,9,0.00561939154543482,0.00660246707438958,0.00463631601648005
"379","gd ",751,1083,917,17,8,0.000176726183111452,0.000208718054863362,0.000144734311359543
"380","ga",14230,16732,15481,17,4,0.00298353112404405,0.0032246264948973,0.0027424357531908
"381","tg ",17500,3111602,1564551,17,3,0.301523583983867,0.599674530885454,0.00337263708227963
"382","td",6978,9418,8198,16,1,0.00157993593145876,0.0018150569166234,0.00134481494629413
"383","ao ",830619,830807,830713,15,10,0.160096769630386,0.160114885509571,0.160078653751201
"384","lc ",20869875,20871345,20870610,14,3,4.02222818375977,4.02236983451723,4.02208653300231
"385","im ",14992,15680,15336,13,1,0.00295558641679088,0.00302188282572254,0.00288929000785921
"386","mv ",33233,34101,33667,12,6,0.00648837557994904,0.00657201697958957,0.0064047341803085
"387","ne ",1675,2043,1859,12,1,0.00035827041919759,0.000393731289091273,0.000322809549303907
"388","ne",59232,59316,59274,10,5,0.0114234108808596,0.011431505209857,0.0114153165518621
"389","pw",16664,16858,16761,10,4,0.00323021543634793,0.00324890948188971,0.00321152139080615
"390","tj ",12555,12555,12555,9,5,0.0024196262038869,0.0024196262038869,0.0024196262038869
"391","sz",16023,16027,16025,8,3,0.0030883719567732,0.00308875740101117,0.00308798651253522
"392","bq",33,121,77,7,4,1.48396031620304e-05,2.33193763974763e-05,6.35982992658444e-06
"393","fm",287,297,292,6,3,5.62748587443229e-05,5.72384693392599e-05,5.53112481493859e-05
"394","tt ",115626,116788,116207,6,3,0.0223956592811696,0.0225076308323013,0.0222836877300379
"395","lr ",484,484,484,6,2,9.32775055899051e-05,9.32775055899051e-05,9.32775055899051e-05
"396","nf ",19,2899,1459,6,2,0.000281181571602627,0.000558701422944493,3.66172026076074e-06
"397","km ",146,256,201,5,5,3.87371459164688e-05,4.93368624607762e-05,2.81374293721614e-05
"398","dj ",234,238,236,5,1,4.54824200810281e-05,4.58678643190029e-05,4.50969758430533e-05
"399","gf",31203,31251,31227,4,3,0.00601813360961976,0.00602275894047546,0.00601350827876407
"400","va",238,302,270,4,3,5.20349721265999e-05,5.8202079934197e-05,4.58678643190029e-05
"401","st ",1344,1346,1345,4,1,0.000259211250038063,0.00025940397215705,0.000259018527919075
"402","nr",26,30,28,3,3,5.3962193316474e-06,5.78166356962221e-06,5.01077509367259e-06
"403","bt ",261,299,280,2,2,5.3962193316474e-05,5.76239135772347e-05,5.03004730557133e-05
"404","ls ",44,44,44,2,2,8.47977323544591e-06,8.47977323544591e-06,8.47977323544591e-06
"405","wf ",196,196,196,2,2,3.77735353215318e-05,3.77735353215318e-05,3.77735353215318e-05
"406","eh",49,49,49,2,1,9.44338383038295e-06,9.44338383038295e-06,9.44338383038295e-06
"407","fk ",19188,19188,19188,2,1,0.00369795201913037,0.00369795201913037,0.00369795201913037
"408","st",204,206,205,2,1,3.95080343924185e-05,3.97007565114059e-05,3.93153122734311e-05
"409","bm ",206,206,206,1,1,3.97007565114059e-05,3.97007565114059e-05,3.97007565114059e-05
"410","gg ",217,217,217,1,1,4.18206998202674e-05,4.18206998202674e-05,4.18206998202674e-05
"411","ki ",52,52,52,1,1,1.00215501873452e-05,1.00215501873452e-05,1.00215501873452e-05
"412","ky ",201,201,201,1,1,3.87371459164688e-05,3.87371459164688e-05,3.87371459164688e-05
"413","mr ",3,15,9,1,1,1.73449907088666e-06,2.89083178481111e-06,5.78166356962221e-07
"414","pm",202,202,202,1,1,3.89298680354562e-05,3.89298680354562e-05,3.89298680354562e-05
